ID;Year;Reproduction;LambID;Lamb_Sex
38C;1972;4;NA;0
38C;1973;4;NA;0
32D;1973;4;NA;0
32D;1975;4;NA;0
32D;1976;4;NA;0
32D;1977;5;5H;1
32B;1970;4;NA;1
32B;1971;5;33B;1
32B;1973;4;NA;0
32B;1975;4;NA;0
32B;1976;5;17G;1
32B;1977;5;10H;2
32B;1978;5;22I;2
32B;1979;0;NA;NA
32B;1980;0;NA;NA
32B;1981;0;NA;NA
32B;1982;0;NA;NA
17B;1971;4;NA;0
17B;1972;5;22C;1
1B;1971;0;NA;NA
1B;1972;3;42C;2
30B;1971;5;31B;1
30B;1973;3;19D;2
13F;1975;5;10F;2
22B;1971;1;NA;0
22D;1973;4;NA;0
22D;1974;5;8E;2
23B;1971;4;NA;2
23C;1972;4;NA;0
23C;1973;5;16D;1
24B;1971;4;NA;0
24C;1972;4;NA;0
25C;1972;4;NA;0
25C;1973;4;NA;0
25C;1975;5;8F;2
29C;1972;3;30C;1
4C;1972;0;NA;NA
4C;1975;5;19F;2
13B;1971;0;NA;NA
13B;1972;5;41C;2
13D;1974;5;18E;2
13D;1975;0;NA;NA
14D;1973;4;NA;0
14D;1974;4;NA;0
14D;1975;3;6F;1
14D;1976;4;NA;0
14D;1977;1;NA;0
14D;1978;5;6I;2
14D;1979;5;6J;2
4D;1973;4;NA;0
4D;1974;0;NA;NA
4D;1975;3;7F;2
4D;1976;5;8G;2
7D;1973;5;24D;2
8C;1972;5;21C;2
11B;1975;5;9F;1
12F;1975;1;NA;0
12F;1976;0;NA;NA
12F;1977;0;NA;NA
12F;1978;0;NA;NA
15C;1972;4;NA;0
18C;1972;4;NA;0
18C;1974;3;11E;1
26B;1973;0;NA;NA
26B;1974;5;16E;1
28D;1973;4;NA;0
28D;1975;4;NA;0
28D;1976;3;16G;2
34C;1972;4;NA;0
34C;1973;4;NA;0
34C;1974;5;20E;1
34C;1975;3;25F;2
34C;1976;5;12G;1
35C;1972;5;26C;1
35C;1973;5;18D;1
3A;1973;4;NA;0
3A;1974;3;17E;1
4A;1972;4;NA;0
4A;1974;3;22E;1
4B;1972;4;NA;0
5D;1973;0;NA;NA
5D;1975;3;15F;1
9B;1972;4;NA;1
18F;1975;1;NA;0
18F;1976;5;21G;2
18F;1977;5;7H;2
31D;1975;5;11F;2
5C;1973;4;NA;0
5C;1975;4;NA;0
5C;1976;4;NA;0
6D;1973;3;8D;2
10E;1974;0;NA;NA
10E;1976;4;NA;0
10E;1977;4;NA;0
10E;1978;5;4I;1
10E;1979;5;8J;2
10E;1980;3;18K;1
10E;1981;1;NA;0
12E;1974;4;NA;0
12E;1975;4;NA;0
12E;1976;5;19G;2
12E;1977;0;NA;NA
12E;1978;1;NA;0
12E;1979;1;NA;0
14C;1974;5;19E;2
19C;1975;5;20F;1
27B;1975;4;NA;0
27B;1976;5;20G;1
27B;1977;5;15H;2
27C;1975;4;NA;0
27C;1976;5;5G;2
27C;1977;1;NA;0
27C;1978;5;NA;2
27C;1979;1;NA;0
27C;1980;5;NA;0
27C;1981;5;12L;2
27C;1982;5;14M;1
27C;1983;5;5N;2
27C;1984;4;NA;0
27C;1985;0;NA;NA
33C;1976;5;6G;2
33D;1975;1;NA;0
33D;1976;5;13G;2
33D;1977;5;4H;1
7E;1974;3;21E;1
1D;1975;5;16F;2
21C;1976;5;15G;1
21C;1977;1;NA;0
21C;1978;5;NA;1
21C;1979;5;21J;1
4E;1975;0;NA;NA
4E;1976;5;23G;2
4E;1977;5;6H;1
9D;1975;3;17F;1
9D;1976;1;NA;0
9D;1977;4;NA;0
9D;1978;3;13I;1
9D;1979;5;5J;2
14E;1975;0;NA;NA
14E;1976;4;NA;0
14E;1977;3;14H;1
14E;1978;5;11I;2
14E;1979;1;NA;0
14E;1980;5;NA;0
14E;1981;4;NA;0
14E;1982;5;19M;2
14E;1983;1;NA;0
14E;1984;4;NA;0
14E;1985;4;15Q;1
14E;1986;2;10R;2
14E;1987;5;9S;1
21D;1975;3;24F;2
21D;1976;4;NA;0
21D;1977;4;NA;0
21D;1978;5;8I;2
21D;1979;3;11J;1
21D;1980;5;NA;0
21D;1981;5;14L;1
21D;1982;5;20M;2
21D;1983;4;NA;0
21D;1984;4;NA;0
21D;1985;5;2R;2
21D;1986;3;28R;2
21D;1987;5;19T;1
21D;1988;3;NA;0
24D;1975;0;NA;NA
24D;1976;3;22G;2
27D;1975;0;NA;NA
27D;1976;0;NA;NA
27D;1977;4;NA;0
27D;1978;5;16I;1
2E;1975;0;NA;NA
2E;1976;5;14G;2
3E;1975;0;NA;NA
3E;1976;5;18G;2
3E;1977;5;11H;1
14F;1976;3;9G;2
18E;1976;0;NA;NA
18E;1977;0;NA;NA
18E;1978;5;9I;1
19E;1976;0;NA;NA
19E;1977;1;NA;0
22F;1976;0;NA;NA
2F;1976;0;NA;NA
2F;1977;5;13H;1
4F;1976;0;NA;NA
4F;1977;1;NA;0
4F;1978;5;26I;2
4F;1979;3;19J;1
8E;1976;0;NA;NA
8E;1977;1;NA;0
8E;1978;3;12I;2
8E;1979;5;22J;2
8E;1980;5;13K;2
8E;1981;5;11L;1
8E;1982;1;NA;0
8E;1983;5;1N;1
8E;1984;4;NA;0
10F;1977;3;12H;2
10F;1978;5;14I;2
10F;1979;5;10J;1
10F;1980;1;NA;0
11F;1977;1;NA;0
11F;1978;5;18I;1
11F;1979;1;NA;0
11F;1980;5;NA;0
11F;1981;4;NA;0
11F;1982;5;26M;2
11F;1983;3;19N;1
11F;1984;4;NA;0
11F;1985;4;NA;0
11F;1986;5;17R;1
11F;1987;1;NA;0
11F;1988;4;NA;0
11F;1989;1;NA;0
11F;1990;0;NA;NA
11F;1991;0;NA;NA
11F;1992;0;NA;NA
16F;1977;1;NA;0
16F;1978;3;28I;2
16F;1979;5;2J;1
16F;1980;5;1K;1
19F;1977;0;NA;NA
19F;1978;5;10I;1
19F;1979;5;7J;1
19F;1980;3;15K;1
1G;1977;4;NA;0
1G;1978;5;27I;1
2G;1977;3;9H;2
2G;1978;5;17I;1
7G;1977;0;NA;NA
7G;1978;5;1I;2
7G;1979;5;3J;2
7G;1980;5;3K;1
7G;1981;1;NA;0
7G;1982;1;NA;0
7G;1983;5;3N;1
7G;1984;5;19P;2
7G;1985;5;7Q;2
7G;1986;5;21R;1
7G;1987;5;4S;1
7G;1988;5;23T;2
7G;1989;5;2U;2
7G;1990;3;10V;2
7G;1991;5;5W;2
7G;1992;1;NA;0
8F;1977;0;NA;NA
13G;1978;5;NA;2
13G;1979;5;18J;1
14G;1978;0;NA;NA
14G;1979;5;15J;2
14G;1980;1;NA;0
14G;1981;4;NA;0
14G;1982;5;28M;1
14G;1983;0;NA;NA
14G;1984;0;NA;NA
14G;1985;0;NA;NA
14G;1986;4;NA;0
18G;1978;0;NA;NA
18G;1979;5;12J;1
19G;1978;0;NA;NA
19G;1979;5;9J;2
19G;1980;5;17K;2
19G;1981;3;5L;1
19G;1982;1;NA;0
1H;1978;3;25I;1
1H;1979;0;NA;NA
21G;1978;5;19I;1
21G;1979;5;16J;1
23G;1978;0;NA;NA
23G;1979;1;NA;0
3H;1978;3;29I;2
3H;1979;5;14J;2
3H;1980;5;7K;1
5G;1978;0;NA;NA
5G;1979;5;17J;1
5G;1980;5;8K;2
6G;1978;1;NA;0
6G;1979;0;NA;NA
8G;1978;5;7I;2
8G;1979;1;NA;0
8H;1978;5;21I;2
8H;1979;5;13J;2
8H;1980;5;10K;1
10H;1979;0;NA;NA
10H;1980;5;11K;1
15H;1979;0;NA;NA
15H;1980;5;5K;2
15I;1979;0;NA;NA
15I;1980;5;NA;1
15I;1981;5;20L;2
15I;1982;5;10M;1
15I;1983;9;17N;2
15I;1984;4;NA;0
15I;1985;4;NA;0
15I;1986;4;NA;0
2I;1979;0;NA;NA
2I;1980;5;12K;1
5I;1979;0;NA;NA
5I;1980;5;20K;1
5I;1981;3;4L;2
5I;1982;5;21M;2
5I;1983;5;18N;1
5I;1984;4;NA;0
5I;1985;4;NA;0
5I;1986;1;NA;0
5I;1987;4;NA;0
5I;1988;1;NA;0
5I;1989;3;24U;2
5I;1990;3;18V;1
5I;1991;3;52W;2
5I;1992;3;NA;2
5I;1993;4;NA;0
5I;1994;0;NA;NA
7H;1979;0;NA;NA
7H;1980;5;14K;2
11I;1980;5;2K;2
11I;1981;5;10L;2
11I;1982;5;30M;1
11I;1983;2;NA;0
11I;1984;5;25P;2
11I;1985;4;21Q;1
11I;1986;4;NA;1
11I;1987;5;19S;2
11I;1988;5;8T;1
11I;1989;0;NA;NA
11I;1990;4;NA;NA
11I;1991;3;20W;1
11I;1992;5;18X;2
14I;1980;5;21K;2
14I;1981;5;17L;1
14I;1982;2;1M;2
1I;1980;1;NA;0
1I;1981;5;19L;1
1I;1982;5;33M;1
1I;1983;5;14N;2
1I;1984;4;NA;0
1I;1985;5;27Q;2
1I;1986;4;NA;0
1I;1987;0;NA;NA
1I;1988;5;57T;1
1J;1980;5;4K;1
1J;1981;5;8L;1
1J;1982;5;16M;2
1J;1983;4;NA;0
1J;1984;5;2Q;2
1J;1985;5;29Q;1
1J;1986;4;NA;0
1J;1987;1;NA;0
1J;1988;5;1T;2
1J;1989;5;49U;2
1J;1990;1;NA;0
1J;1991;1;NA;0
1J;1992;3;17X;2
21I;1980;5;19K;1
21I;1981;1;NA;0
21I;1982;1;NA;0
21I;1983;5;15N;1
21I;1984;9;4P;1
21I;1985;5;30Q;1
21I;1986;4;NA;0
21I;1987;5;8S;1
21I;1988;5;9T;2
21I;1989;5;34U;2
21I;1990;3;4V;2
21I;1991;3;54W;1
21I;1992;1;NA;0
21I;1993;3;29Y;1
21I;1994;1;NA;0
21I;1995;0;NA;NA
21I;1996;0;NA;NA
22I;1980;5;6K;1
22I;1981;5;NA;2
22I;1982;5;4M;2
26I;1980;5;9K;1
26I;1981;9;15L;1
26I;1982;3;27M;1
26I;1983;2;NA;0
26I;1984;5;6Q;1
26I;1985;5;4R;1
26I;1986;4;NA;0
26I;1987;1;NA;0
26I;1988;5;20T;1
26I;1989;3;11U;2
26I;1990;1;NA;0
26I;1991;5;55W;1
26I;1992;0;NA;NA
26I;1993;0;NA;NA
4J;1980;5;16K;2
4J;1981;0;NA;NA
4J;1982;5;3M;2
4J;1983;4;NA;0
6I;1980;0;NA;NA
6I;1981;1;NA;0
6I;1982;5;2M;2
6I;1983;0;NA;NA
6I;1984;3;7P;2
6I;1985;4;NA;1
6I;1986;5;25R;2
7I;1980;1;NA;0
7I;1981;4;NA;0
7I;1982;2;5M;2
7I;1983;5;4N;2
7I;1984;3;9P;1
7I;1985;4;NA;0
7I;1986;5;7R;1
7I;1987;2;NA;0
7I;1988;5;42T;2
7I;1989;5;31U;2
7I;1990;1;NA;0
7I;1991;5;50W;2
7I;1992;0;NA;NA
7I;1993;0;NA;NA
7I;1994;0;NA;NA
8I;1980;0;NA;NA
8I;1981;5;16L;2
8I;1982;3;7M;2
8I;1983;5;21N;1
8I;1984;9;NA;0
8I;1985;5;23Q;2
8I;1986;5;26R;2
14J;1981;0;NA;NA
14J;1982;5;34M;2
14J;1983;5;6N;1
14J;1984;2;NA;0
15J;1981;5;9L;1
22J;1981;5;18L;1
22J;1982;5;15M;2
22J;1983;5;7N;1
22J;1984;5;12P;2
22J;1985;5;14Q;2
22J;1986;5;20R;2
22J;1987;5;27S;2
22J;1988;5;29T;1
22J;1989;5;22U;2
22J;1990;3;33V;2
22J;1991;3;8W;1
22J;1992;2;NA;0
22J;1993;0;NA;NA
3J;1981;0;NA;NA
3J;1982;5;31M;1
3J;1983;1;NA;0
3J;1984;5;1Q;2
3J;1985;1;NA;0
3J;1986;3;24R;1
3J;1987;5;16T;1
3J;1988;1;NA;0
3J;1989;5;29U;2
3J;1990;5;NA;2
5J;1981;0;NA;NA
5J;1982;5;6M;2
5J;1983;5;12N;1
5J;1984;5;14P;2
5J;1985;4;33Q;1
5J;1986;5;22R;1
5J;1987;5;18T;1
5J;1988;5;56T;1
5J;1989;4;NA;0
6J;1981;5;13L;1
6J;1982;5;25M;1
6J;1983;4;NA;0
6J;1984;9;8P;1
6J;1985;3;11Q;2
6J;1986;1;NA;0
6J;1987;0;NA;NA
6J;1988;4;NA;0
6J;1989;5;9U;2
6J;1990;5;7V;1
6J;1991;1;NA;0
6J;1992;3;20X;1
6J;1993;2;NA;0
6J;1994;4;NA;1
8J;1981;0;NA;NA
8J;1982;5;23M;2
9J;1981;1;NA;0
9J;1982;5;17M;1
9J;1983;5;9N;1
9J;1984;1;NA;0
9J;1985;5;9Q;2
9J;1986;4;NA;0
9J;1987;5;28S;1
14K;1982;5;29M;1
14K;1983;1;NA;0
14K;1984;5;6P;2
14K;1985;5;31Q;1
14K;1986;1;NA;0
14K;1987;3;20S;1
14K;1988;5;52T;1
14K;1989;5;7U;2
14K;1990;1;NA;0
14K;1991;3;44W;2
14K;1992;1;NA;0
14K;1993;2;NA;0
16K;1982;0;NA;NA
16K;1983;4;13N;2
16K;1984;9;3P;2
16K;1985;5;24Q;1
16K;1986;0;NA;NA
16K;1987;5;26S;2
16K;1988;5;10T;2
16K;1989;5;19U;2
16K;1990;2;6V;2
16K;1991;5;26W;1
16K;1992;1;NA;0
17K;1982;0;NA;NA
17K;1983;5;20N;2
17K;1984;9;5P;1
17K;1985;5;17Q;2
17K;1986;5;6R;2
17K;1987;5;13S;2
2K;1982;0;NA;NA
2K;1983;5;16N;1
2K;1984;1;NA;0
2K;1985;4;26Q;2
2K;1986;5;8R;1
5K;1982;0;NA;NA
5K;1983;5;2N;2
5K;1984;1;NA;0
5K;1985;4;10Q;1
5K;1986;5;12R;1
5K;1987;4;NA;0
6L;1982;5;32M;2
6L;1983;5;11N;2
6L;1984;1;NA;0
6L;1985;4;NA;0
6L;1986;1;NA;0
6L;1987;4;NA;0
6L;1988;5;21T;1
6L;1989;5;25U;2
8K;1982;1;NA;0
8K;1983;5;8N;1
8K;1984;5;11P;2
8K;1985;5;22Q;2
8K;1986;4;NA;0
8K;1987;0;NA;NA
8K;1988;5;12T;2
8K;1989;5;28U;2
10L;1983;0;NA;NA
10L;1984;3;15P;2
10L;1985;5;20Q;1
10L;1986;5;2S;2
10L;1987;4;NA;0
10L;1988;5;6T;2
10L;1989;5;38U;1
10L;1990;1;NA;0
10L;1991;5;51W;1
10L;1992;1;NA;0
10L;1993;3;35Y;2
12L;1983;0;NA;NA
12L;1984;5;18P;1
12L;1985;4;16Q;1
12L;1986;5;18R;2
12L;1987;5;6S;2
12L;1988;1;NA;0
12L;1989;5;5U;2
12L;1990;4;NA;NA
12L;1991;5;43W;1
12L;1992;1;NA;0
16L;1983;0;NA;NA
16L;1984;4;NA;0
16L;1985;4;19Q;1
16L;1986;5;5R;1
16L;1987;5;22S;1
16L;1988;5;7T;1
16L;1989;5;42U;2
16L;1990;1;NA;0
16L;1991;4;45W;2
16L;1992;3;27X;2
16L;1993;2;NA;0
16L;1994;3;1Z;1
16L;1995;3;A24;1
16L;1996;1;NA;0
16L;1997;0;NA;NA
18M;1983;0;NA;NA
18M;1984;5;10P;2
18M;1985;5;12Q;1
18M;1986;5;14S;1
18M;1987;4;NA;0
18M;1988;5;30T;2
18M;1989;1;NA;0
18M;1990;3;32V;1
18M;1991;3;41W;1
18M;1992;0;NA;NA
20L;1983;0;NA;NA
20L;1984;4;NA;NA
20L;1985;0;NA;NA
20L;1986;4;NA;1
20L;1987;2;NA;0
20L;1988;5;11T;2
20L;1989;5;40U;2
20L;1990;5;29V;2
24M;1983;0;NA;NA
8M;1983;0;NA;NA
8M;1984;0;NA;NA
8M;1985;0;NA;NA
8M;1986;0;NA;NA
8M;1987;4;NA;0
8M;1988;5;53T;1
8M;1989;3;8U;2
8M;1990;5;1V;2
8M;1991;5;56W;2
8M;1992;3;19X;1
8M;1993;2;NA;0
15M;1984;0;NA;NA
15M;1985;5;25Q;1
15M;1986;5;15R;2
15M;1987;5;23S;1
15M;1988;5;55T;2
15M;1989;5;4U;1
15M;1990;1;NA;0
15M;1991;5;1W;1
15M;1992;2;4X;2
15M;1993;2;NA;0
15M;1994;0;NA;NA
15M;1995;9;A3;1
16M;1984;0;NA;NA
16M;1985;5;28Q;1
16M;1986;0;NA;NA
16M;1987;5;3T;1
16M;1988;5;51T;2
16M;1989;5;15U;1
16M;1990;3;22V;2
16M;1991;5;39W;2
16M;1992;2;6X;2
16M;1993;2;22Y;1
16M;1994;2;NA;0
16M;1995;3;A29;2
16M;1996;3;B18;1
19M;1984;0;NA;NA
19M;1985;4;NA;1
19M;1986;4;NA;0
19M;1987;5;31S;1
19M;1988;5;26T;2
19M;1989;3;36U;2
19M;1990;1;NA;0
19M;1991;5;36W;1
19M;1992;5;23X;2
19M;1993;2;NA;0
19M;1994;4;NA;0
19M;1995;5;A53;2
19M;1996;5;B30;1
19M;1997;2;NA;0
20M;1984;0;NA;NA
20M;1985;1;NA;0
20M;1986;4;NA;0
20M;1987;1;NA;0
20M;1988;3;41T;1
20M;1989;5;43U;1
20M;1990;3;14V;1
20M;1991;5;19W;2
20M;1992;5;26X;2
20M;1993;3;20Y;2
20M;1994;3;11Z;2
21M;1984;0;NA;NA
21M;1985;5;8Q;1
21M;1986;5;27R;1
21M;1987;5;22T;2
21M;1988;5;58T;2
21M;1989;5;30U;1
21M;1990;3;21V;2
26M;1984;0;NA;NA
26M;1985;5;13Q;1
26M;1986;5;14R;2
26M;1987;2;7S;1
26M;1988;5;3U;1
32M;1984;0;NA;NA
32M;1985;0;NA;NA
32M;1986;4;NA;0
32M;1987;5;4T;1
32M;1988;5;17U;2
32M;1989;5;48U;2
32M;1990;5;30V;2
34M;1984;0;NA;NA
34M;1985;0;NA;NA
34M;1986;5;9R;2
34M;1987;5;33S;1
34M;1988;3;32T;2
34M;1989;5;20U;2
34M;1990;1;NA;0
34M;1991;1;NA;0
34M;1992;0;NA;NA
3M;1984;0;NA;NA
3M;1985;5;32Q;1
3M;1986;1;NA;0
3M;1987;5;16S;1
3M;1988;5;33T;2
3M;1989;3;39U;2
3M;1990;5;5V;2
3M;1991;5;12W;1
3M;1992;2;1X;2
3M;1993;3;19Y;2
3M;1994;3;9Z;1
4M;1984;2;NA;0
4M;1985;2;NA;0
4M;1986;1;NA;0
4M;1987;5;10S;1
4M;1988;4;NA;0
4M;1989;3;14U;2
4M;1990;1;NA;0
4M;1991;2;NA;0
4M;1992;0;NA;NA
4M;1993;0;NA;NA
6M;1984;0;NA;NA
6M;1985;0;NA;NA
6M;1986;0;NA;NA
6M;1987;4;NA;0
14N;1985;0;NA;NA
14N;1986;4;NA;0
14N;1987;5;5T;2
14N;1988;5;35U;2
14N;1989;5;2V;1
14N;1990;5;16V;1
1P;1985;0;NA;NA
1P;1986;3;16R;1
2N;1985;0;NA;NA
2N;1986;1;NA;0
2N;1987;5;24S;1
2N;1988;5;36T;1
2N;1989;1;NA;0
2N;1990;5;21W;2
2N;1991;3;23W;1
2N;1992;3;8X;1
2N;1993;3;18Y;2
2P;1985;5;18Q;2
2P;1986;1;NA;0
2P;1987;4;NA;0
2P;1988;5;43T;1
2P;1989;5;6U;2
2P;1990;5;25V;2
4N;1985;0;NA;NA
4N;1986;5;3S;2
4N;1987;0;NA;NA
4N;1988;5;31T;2
4N;1989;5;32U;1
4N;1990;2;9V;1
4N;1991;3;22W;2
5N;1985;0;NA;NA
5N;1986;0;NA;NA
5N;1987;1;NA;0
10P;1986;0;NA;NA
10P;1987;5;29S;2
10P;1988;5;38T;1
10P;1989;3;46U;2
10P;1990;5;8V;2
10P;1991;5;2W;1
10P;1992;3;10X;2
12P;1986;0;NA;NA
12P;1987;5;21S;1
12P;1988;5;28T;2
12P;1989;5;50U;2
12P;1990;1;NA;0
12P;1991;3;NA;2
12P;1992;3;28X;2
12P;1993;5;32Y;2
12P;1994;5;12Z;1
12P;1995;3;A56;2
12P;1996;3;B22;1
12P;1997;2;NA;0
12P;1998;1;NA;NA
19P;1986;0;NA;NA
19P;1987;3;12S;1
19P;1988;5;35T;1
19P;1989;5;16U;2
19P;1990;5;13V;1
19P;1991;5;28W;2
19P;1992;1;NA;0
19P;1993;3;40Y;2
19P;1994;1;NA;0
19P;1995;5;A6;2
19P;1996;3;B6;2
19P;1997;2;C11;2
19P;1998;0;NA;NA
1Q;1986;0;NA;NA
1Q;1987;4;NA;0
1Q;1988;5;49T;1
1Q;1989;1;NA;0
1Q;1990;3;24V;2
1Q;1991;1;NA;0
1Q;1992;3;25X;2
25P;1986;0;NA;NA
25P;1987;5;15T;2
25P;1988;1;NA;0
25P;1989;5;47U;2
25P;1990;1;NA;0
25P;1991;0;NA;NA
2Q;1986;0;NA;NA
2Q;1987;5;25S;2
2Q;1988;5;46T;1
2Q;1989;3;10U;1
2Q;1990;5;27V;2
2Q;1991;3;42W;2
2Q;1992;3;NA;2
2Q;1993;2;NA;0
2Q;1994;5;A23;1
2Q;1995;5;A44;2
2Q;1996;3;B41;1
2Q;1997;1;NA;0
2Q;1998;2;NA;2
4Q;1986;0;NA;NA
4Q;1987;4;NA;NA
4Q;1988;4;NA;0
4Q;1989;5;12U;1
4Q;1990;5;15V;2
4Q;1991;3;35W;1
5Q;1986;0;NA;NA
5Q;1987;5;30S;1
5Q;1988;5;40T;2
5Q;1989;5;44U;1
5Q;1990;2;NA;2
5Q;1991;2;NA;0
5Q;1992;3;22X;1
5Q;1993;3;24Y;1
5Q;1994;1;NA;0
5Q;1995;3;A43;2
5Q;1996;5;B38;2
5Q;1997;1;NA;0
5Q;1998;3;D17;1
14Q;1987;0;NA;NA
14Q;1988;5;50T;1
14Q;1989;1;NA;0
14Q;1990;5;17V;2
14Q;1991;3;29W;1
14Q;1992;2;2X;2
14Q;1993;3;1Y;2
14Q;1994;4;NA;2
17Q;1987;0;NA;NA
17Q;1988;5;25T;2
17Q;1989;5;45U;2
17Q;1990;3;31V;2
17Q;1991;3;13W;1
17Q;1992;2;NA;0
17Q;1993;1;NA;0
1QR;1987;0;NA;NA
1QR;1988;1;NA;0
1QR;1989;3;18U;1
1QR;1990;5;20V;2
1QR;1991;3;3W;1
1QR;1992;2;24X;1
1QR;1993;2;4Y;2
1QR;1994;5;10Z;1
1QR;1995;5;A45;2
1QR;1996;5;B31;1
1QR;1997;3;C3;1
22Q;1987;0;NA;NA
22Q;1988;5;47T;2
22Q;1989;1;NA;0
22Q;1990;1;NA;0
22Q;1991;3;31W;1
22Q;1992;1;NA;0
22Q;1993;0;NA;NA
27Q;1987;0;NA;NA
27Q;1988;5;39T;1
27Q;1989;1;NA;0
27Q;1990;2;NA;0
27Q;1991;3;30W;1
2R;1987;0;NA;NA
2R;1988;5;37T;2
2R;1989;1;NA;0
3QR;1987;0;NA;NA
3QR;1988;5;34T;1
3QR;1989;5;37U;2
3QR;1990;0;NA;NA
3QR;1991;5;33W;1
3QR;1992;1;NA;0
3QR;1993;2;NA;0
3QR;1994;5;14Z;2
3QR;1995;2;NA;0
7Q;1987;0;NA;NA
7Q;1988;3;2T;1
7Q;1989;5;27U;2
7Q;1990;0;NA;NA
7Q;1991;3;27W;2
7Q;1992;0;NA;NA
7Q;1993;2;NA;0
7Q;1994;4;NA;0
7Q;1995;2;NA;0
7Q;1996;0;NA;NA
9Q;1987;0;NA;NA
9Q;1988;5;48T;2
9Q;1989;5;33U;1
9Q;1990;3;28V;2
9Q;1991;5;25W;1
9Q;1992;2;9X;1
9Q;1993;3;38Y;1
9Q;1994;3;4Z;1
9Q;1995;5;A47;1
14R;1988;0;NA;NA
15R;1988;0;NA;NA
15R;1989;0;NA;NA
15R;1990;2;NA;0
15R;1991;5;32W;2
15R;1992;1;NA;0
15R;1993;1;NA;0
15R;1994;0;NA;NA
18R;1988;0;NA;NA
18R;1989;5;13U;2
18R;1990;1;NA;0
18R;1991;3;7W;2
18R;1992;2;7X;1
20R;1988;5;44T;1
20R;1989;1;NA;0
20R;1990;2;23V;1
20R;1991;5;18W;1
20R;1992;2;NA;0
20R;1993;2;16Y;2
20R;1994;1;NA;0
20R;1995;5;A42;1
20R;1996;3;B15;2
20R;1997;1;NA;0
20R;1998;5;D6;2
25R;1988;0;NA;NA
25R;1989;3;41U;1
25R;1990;0;NA;NA
25R;1991;5;48W;2
25R;1992;1;NA;0
25R;1993;5;41Y;1
25R;1994;1;NA;0
26R;1988;0;NA;NA
26R;1989;3;21U;2
26R;1990;0;NA;NA
26R;1991;5;38W;2
26R;1992;1;NA;0
26R;1993;3;NA;2
26R;1994;1;NA;0
26R;1995;5;A20;2
26R;1996;2;NA;0
26R;1997;3;C17;1
26R;1998;1;NA;NA
26R;1999;2;E6;1
26R;2000;0;NA;NA
2S;1988;3;17T;1
2S;1989;0;NA;NA
2S;1990;2;NA;0
2S;1991;5;4W;1
2S;1992;1;NA;0
2S;1993;3;23Y;2
2S;1994;2;NA;1
2S;1995;5;A17;1
2S;1996;5;B32;2
2S;1997;3;C16;2
3S;1988;0;NA;NA
3S;1989;5;26U;1
3S;1990;2;26V;1
3S;1991;1;NA;0
3S;1992;2;13X;2
3S;1993;2;NA;0
3S;1994;0;NA;NA
3S;1995;2;NA;0
3S;1996;3;B33;1
3S;1997;0;NA;NA
3S;1998;0;NA;NA
6R;1988;0;NA;NA
6R;1989;5;23U;2
6R;1990;0;NA;NA
6R;1991;0;NA;NA
6R;1992;1;NA;0
6R;1993;3;10Y;2
6R;1994;1;NA;0
6R;1995;5;A33;2
6R;1996;3;B28;1
6R;1997;1;NA;0
6R;1998;0;NA;NA
9R;1988;2;NA;0
9R;1989;1;NA;0
9R;1990;4;NA;NA
9R;1991;3;47W;2
9R;1992;5;3X;2
9R;1993;5;9Y;1
9R;1994;1;NA;0
9R;1995;5;A11;2
13S;1989;0;NA;NA
13S;1990;0;NA;NA
13S;1991;3;49W;2
13S;1992;1;NA;0
13S;1993;2;NA;0
13S;1994;3;3Z;1
13S;1995;3;A41;1
13S;1996;5;B40;2
13S;1997;1;NA;0
15T;1989;0;NA;NA
15T;1990;0;NA;NA
15T;1991;2;NA;0
15T;1992;3;5X;1
15T;1993;0;NA;NA
15T;1994;0;NA;NA
15T;1995;1;NA;0
15T;1996;3;B10;1
19S;1989;0;NA;NA
22T;1989;0;NA;NA
24T;1989;0;NA;NA
24T;1990;0;NA;NA
24T;1991;5;17W;2
25S;1989;0;NA;NA
25S;1990;0;NA;NA
25S;1991;0;NA;NA
25S;1992;5;11X;2
25S;1993;2;NA;0
25S;1994;1;NA;0
25S;1995;1;NA;0
25S;1996;0;NA;NA
25S;1997;0;NA;NA
25S;1998;0;NA;NA
25S;1999;0;NA;NA
25S;2000;0;NA;NA
25S;2001;0;NA;NA
26S;1989;0;NA;NA
26S;1990;5;19V;1
26S;1991;1;NA;0
26S;1992;3;14X;1
26S;1993;1;NA;0
26S;1994;5;6Z;2
26S;1995;5;A51;1
26S;1996;3;B29;1
26S;1997;1;NA;0
26S;1998;3;D18;1
27S;1989;0;NA;NA
27S;1990;2;NA;1
27S;1991;3;9W;1
27S;1992;3;NA;2
27S;1993;5;34Y;2
27S;1994;1;NA;0
27S;1995;5;A14;2
27S;1996;3;B20;2
27S;1997;3;C7;1
29S;1989;0;NA;NA
29S;1990;5;6W;2
29S;1991;2;NA;0
29S;1992;1;NA;0
29S;1993;5;30Y;1
29S;1994;1;NA;0
29S;1995;5;B9;2
29S;1996;4;NA;2
29S;1997;2;NA;0
29S;1998;3;D9;1
29S;1999;2;E7;1
29S;2000;5;F13;2
29S;2001;1;NA;0
5T;1989;0;NA;NA
5T;1990;0;NA;NA
5T;1991;3;NA;2
5T;1992;0;NA;NA
6S;1989;0;NA;NA
6S;1990;0;NA;NA
6S;1991;5;14W;1
6S;1992;1;NA;0
6S;1993;3;17Y;2
6S;1994;1;NA;0
10T;1990;0;NA;NA
10T;1991;1;NA;0
10T;1992;0;NA;NA
10T;1993;3;33Y;2
10T;1994;1;NA;0
10T;1995;2;A19;2
10T;1996;3;B3;2
10T;1997;1;NA;0
10T;1998;3;D10;2
10T;1999;2;NA;0
10T;2000;5;F3;1
10T;2001;1;NA;0
11T;1990;0;NA;NA
11T;1991;2;NA;0
11T;1992;0;NA;NA
11T;1993;5;36Y;2
11T;1994;1;NA;0
11T;1995;3;A25;1
11T;1996;3;B19;1
11T;1997;1;NA;0
12T;1990;0;NA;NA
12T;1991;3;37W;1
12T;1992;0;NA;NA
12T;1993;3;5Y;2
12T;1994;1;NA;0
12T;1995;0;NA;NA
12T;1996;4;NA;0
12T;1997;5;C8;2
17U;1990;0;NA;NA
17U;1991;3;16W;1
17U;1992;0;NA;NA
17U;1993;5;25Y;1
1T;1990;0;NA;NA
1T;1991;1;NA;0
1T;1992;0;NA;NA
1T;1993;3;28Y;1
1T;1994;1;NA;0
1T;1995;1;NA;0
1T;1996;1;NA;0
23T;1990;0;NA;NA
23T;1991;0;NA;NA
23T;1992;0;NA;NA
23T;1993;0;NA;NA
23T;1994;0;NA;NA
23T;1995;0;NA;NA
23T;1996;0;NA;NA
26T;1990;0;NA;NA
26T;1991;3;46W;1
26T;1992;0;NA;NA
26T;1993;3;27Y;2
26T;1994;1;NA;0
26T;1995;3;A46;1
26T;1996;2;NA;0
26T;1997;5;C4;2
26T;1998;3;D4;1
26T;1999;3;E16;2
26T;2000;1;NA;NA
26T;2001;0;NA;NA
28T;1990;0;NA;NA
28T;1991;5;24W;1
28T;1992;1;NA;0
28T;1993;3;37Y;2
28T;1994;1;NA;0
28T;1995;3;A31;1
28T;1996;5;C5;2
28T;1997;3;C20;1
28T;1998;2;NA;NA
28T;1999;1;NA;NA
28T;2000;3;F2;1
28T;2001;2;NA;0
28T;2002;3;H2;1
30T;1990;0;NA;NA
30T;1991;5;11W;2
31T;1990;0;NA;NA
31T;1991;3;10W;1
31T;1992;0;NA;NA
31T;1993;3;2Y;2
31T;1994;5;7Z;2
31T;1995;5;A34;1
31T;1996;5;B14;1
31T;1997;3;C10;2
31T;1998;3;D3;1
31T;1999;5;E5;1
31T;2000;5;F6;2
31T;2001;3;G11;2
37T;1990;0;NA;NA
37T;1991;1;NA;0
37T;1992;3;12X;2
37T;1993;3;39Y;2
37T;1994;1;NA;0
37T;1995;5;A9;1
37T;1996;3;B12;1
37T;1997;3;C6;1
37T;1998;2;D2;2
37T;1999;3;E2;1
37T;2000;2;NA;0
40T;1990;0;NA;NA
40T;1991;0;NA;NA
40T;1992;0;NA;NA
40T;1993;1;NA;0
40T;1994;4;NA;2
40T;1995;5;A54;2
40T;1996;5;C2;2
40T;1997;2;NA;0
40T;1998;5;D12;1
40T;1999;5;E10;1
40T;2000;1;NA;NA
40T;2001;5;G7;2
42T;1990;0;NA;NA
42T;1991;2;NA;0
42T;1992;0;NA;NA
42T;1993;3;31Y;2
48T;1990;0;NA;NA
51T;1990;0;NA;NA
51T;1991;3;40W;2
51T;1992;0;NA;NA
51T;1993;1;NA;0
51T;1994;3;2Z;1
51T;1995;5;A30;1
51T;1996;2;B21;2
51T;1997;5;C14;2
51T;1998;3;D11;2
51T;1999;2;NA;0
51T;2000;2;F5;1
54T;1990;0;NA;NA
58T;1990;0;NA;NA
58T;1991;5;34W;2
58T;1992;1;NA;0
58T;1993;3;21Y;1
58T;1994;0;NA;NA
58T;1995;3;A27;2
58T;1996;2;NA;0
58T;1997;1;NA;0
9T;1990;0;NA;NA
9T;1991;5;15W;1
9T;1992;1;NA;0
9T;1993;3;13Y;2
9T;1994;1;NA;0
9T;1995;5;A5;2
9T;1996;3;B1;1
9T;1997;1;NA;0
9T;1998;5;D14;2
9T;1999;1;NA;NA
9T;2000;1;NA;NA
9T;2001;1;NA;0
13U;1991;0;NA;NA
13U;1992;0;NA;NA
16U;1991;0;NA;NA
16U;1992;0;NA;NA
16U;1993;3;15Y;2
16U;1994;1;NA;0
16U;1995;5;A26;2
16U;1996;2;NA;0
19U;1991;0;NA;NA
19U;1992;0;NA;NA
19U;1993;3;12Y;2
19U;1994;1;NA;0
19U;1995;3;NA;0
20U;1991;0;NA;NA
20U;1992;0;NA;NA
20U;1993;3;7Y;1
20U;1994;1;NA;0
20U;1995;3;A8;1
20U;1996;3;B34;2
22U;1991;0;NA;NA
22U;1992;0;NA;NA
23U;1991;0;NA;NA
23U;1992;0;NA;NA
23U;1993;0;NA;NA
23U;1994;3;8Z;1
23U;1995;1;NA;0
23U;1996;3;B13;1
23U;1997;0;NA;NA
27U;1991;0;NA;NA
27U;1992;0;NA;NA
27U;1993;0;NA;NA
27U;1994;0;NA;NA
27U;1995;3;A38;2
27U;1996;8;NA;NA
27U;1997;8;NA;NA
28U;1991;0;NA;NA
28U;1992;0;NA;NA
28U;1993;2;NA;0
28U;1994;5;15Z;2
28U;1995;5;A50;2
28U;1996;3;B11;1
28U;1997;0;NA;NA
28U;1998;3;D16;1
28U;1999;1;NA;NA
28U;2000;2;NA;0
29U;1991;0;NA;NA
29U;1992;0;NA;NA
29U;1993;3;8Y;2
29U;1994;1;NA;0
29U;1995;1;NA;0
29U;1996;5;C13;2
29U;1997;1;NA;0
2U;1991;0;NA;NA
2U;1992;0;NA;NA
2U;1993;3;14Y;1
2U;1994;1;NA;0
31U;1991;5;53W;2
31U;1992;0;NA;NA
31U;1993;2;NA;0
31U;1994;5;13Z;2
31U;1995;2;NA;0
34U;1991;0;NA;NA
34U;1992;0;NA;NA
34U;1993;5;6Y;2
34U;1994;1;NA;0
34U;1995;5;A37;1
34U;1996;1;NA;0
34U;1997;1;NA;0
37U;1991;0;NA;NA
37U;1992;0;NA;NA
37U;1993;2;NA;0
37U;1994;0;NA;NA
37U;1995;5;A35;2
37U;1996;5;C1;2
37U;1997;1;NA;0
40U;1991;0;NA;NA
40U;1992;0;NA;NA
40U;1993;2;NA;0
40U;1994;0;NA;NA
40U;1995;2;NA;0
40U;1996;8;NA;NA
40U;1997;1;NA;0
40U;1998;5;D8;2
40U;1999;1;NA;NA
42U;1991;0;NA;NA
42U;1992;0;NA;NA
42U;1993;2;NA;0
42U;1994;0;NA;NA
42U;1995;3;A13;1
42U;1996;3;B27;2
42U;1997;5;C12;1
42U;1998;2;NA;NA
42U;1999;3;E15;2
42U;2000;3;F4;2
42U;2001;2;G13;1
45U;1991;0;NA;NA
45U;1992;0;NA;NA
49U;1991;0;NA;NA
49U;1992;0;NA;NA
49U;1993;1;NA;0
49U;1994;0;NA;NA
49U;1995;3;A40;2
49U;1996;3;B7;1
49U;1997;1;NA;0
49U;1998;3;D13;1
49U;1999;1;NA;NA
49U;2000;3;F11;1
49U;2001;1;NA;0
49U;2002;1;NA;0
49U;2003;5;I3;1
49U;2004;1;NA;0
50U;1991;0;NA;NA
50U;1992;0;NA;NA
50U;1993;2;NA;0
50U;1994;4;NA;1
50U;1995;5;A22;2
50U;1996;4;NA;0
50U;1997;2;NA;0
50U;1998;1;NA;NA
50U;1999;2;E1;2
5U;1991;0;NA;NA
5U;1992;0;NA;NA
5U;1993;3;11Y;2
5U;1994;1;NA;0
5U;1995;5;A2;2
5U;1996;3;B16;1
5U;1997;2;NA;0
7U;1991;0;NA;NA
7U;1992;0;NA;NA
7U;1993;0;NA;NA
7U;1994;0;NA;NA
7U;1995;5;A36;2
7U;1996;1;NA;0
7U;1997;8;NA;NA
7U;1998;0;NA;NA
9U;1991;0;NA;NA
9U;1992;0;NA;NA
9U;1993;3;3Y;1
9U;1994;0;NA;NA
9U;1995;3;A57;2
9U;1996;3;B8;2
11V;1992;0;NA;NA
11V;1993;0;NA;NA
11V;1994;0;NA;NA
11V;1995;0;NA;NA
11V;1996;3;B36;2
11V;1997;0;NA;NA
15V;1992;0;NA;NA
15V;1993;0;NA;NA
15V;1994;0;NA;NA
15V;1995;5;A10;1
15V;1996;1;NA;0
15V;1997;8;NA;NA
15V;1998;3;D1;2
15V;1999;2;E4;1
1V;1992;0;NA;NA
1V;1993;0;NA;NA
1V;1994;0;NA;NA
20V;1992;0;NA;NA
20V;1993;0;NA;NA
20V;1994;0;NA;NA
20V;1995;0;NA;NA
20V;1996;1;NA;0
20V;1997;1;NA;0
20V;1998;0;NA;NA
21W;1992;0;NA;NA
21W;1993;0;NA;NA
21W;1994;0;NA;NA
21W;1995;3;A15;1
21W;1996;3;B26;1
21W;1997;3;C9;1
21W;1998;1;NA;0
21W;1999;1;NA;0
21X;1992;0;NA;NA
21X;1993;0;NA;NA
21X;1994;0;NA;NA
21X;1995;5;A39;1
21X;1996;1;NA;0
21X;1997;1;NA;0
21X;1998;0;NA;NA
21X;1999;2;NA;0
21X;2000;0;NA;NA
21X;2001;0;NA;NA
25V;1992;0;NA;NA
25V;1993;0;NA;NA
25V;1994;5;5Z;1
25V;1995;3;A16;2
29V;1992;0;NA;NA
29V;1993;0;NA;NA
29V;1995;3;A52;1
29V;1996;3;B23;1
29V;1997;1;NA;0
29V;1998;2;NA;0
29V;1999;0;NA;NA
30V;1992;0;NA;NA
30V;1993;0;NA;NA
30V;1994;0;NA;NA
30V;1995;1;NA;0
30V;1996;3;B25;2
5V;1992;0;NA;NA
5V;1993;0;NA;NA
5V;1994;0;NA;NA
6W;1992;0;NA;NA
6W;1993;0;NA;NA
6W;1994;0;NA;NA
6W;1995;1;NA;0
6W;1996;3;B24;2
6W;1997;8;NA;NA
6W;1998;8;NA;NA
8V;1992;0;NA;NA
8V;1993;0;NA;NA
8V;1994;4;NA;2
8V;1995;5;A28;2
8V;1996;3;B37;2
8V;1997;1;NA;0
8V;1998;3;D5;1
8V;1999;3;E14;1
8V;2000;5;F10;2
19W;1994;0;NA;NA
19W;1995;1;NA;0
19W;1996;3;B5;2
19W;1997;3;C18;1
19W;1998;1;NA;NA
19W;1999;3;E8;1
28W;1993;0;NA;NA
28W;1994;0;NA;NA
28W;1995;0;NA;NA
28W;1996;3;B39;2
28W;1997;3;C19;2
28W;1998;0;NA;NA
28W;1999;2;E3;1
28W;2000;1;NA;NA
28W;2001;2;G4;1
2WX;1993;0;NA;NA
2WX;1994;0;NA;NA
2WX;1995;0;NA;NA
2WX;1996;2;NA;0
2WX;1997;0;NA;NA
32W;1993;0;NA;NA
32W;1994;0;NA;NA
32W;1995;3;A49;2
32W;1996;4;NA;0
32W;1997;0;NA;NA
32W;1998;3;D7;1
32W;1999;0;NA;NA
32W;2000;1;NA;NA
39W;1993;0;NA;NA
39W;1994;0;NA;NA
39W;1995;1;NA;0
39W;1996;3;B2;1
39W;1997;3;C15;1
39W;1998;5;D15;1
39W;1999;5;E12;2
39W;2000;1;NA;NA
39W;2001;3;G5;1
48W;1993;0;NA;NA
48W;1994;0;NA;NA
48W;1995;5;A48;1
48W;1996;3;B35;1
48W;1997;8;NA;NA
48W;1998;8;NA;NA
48W;1999;5;E11;1
48W;2000;1;NA;NA
48W;2001;3;G1;2
48W;2002;5;H3;1
50W;1993;0;NA;NA
50W;1994;0;NA;NA
50W;1995;2;NA;0
50W;1996;3;B4;1
50W;1997;0;NA;NA
53W;1993;0;NA;NA
53W;1994;1;NA;0
53W;1995;3;A21;2
54W;1993;0;NA;NA
54W;1994;0;NA;NA
54W;1995;5;A32;1
54W;1996;1;NA;0
54W;1997;1;NA;0
54W;1998;0;NA;NA
5W;1993;0;NA;NA
5W;1994;0;NA;NA
3X;1994;0;NA;NA
3X;1995;3;A18;2
3X;1996;5;B17;2
3X;1997;1;NA;0
34Y;1995;0;NA;NA
34Y;1996;1;NA;0
34Y;1997;8;NA;NA
34Y;1998;8;NA;NA
34Y;1999;8;NA;NA
36Y;1995;0;NA;NA
6Y;1995;0;NA;NA
6Y;1996;0;NA;NA
6Y;1997;8;NA;NA
6Y;1998;8;NA;NA
6Y;1999;8;NA;NA
14Z;1996;0;NA;NA
14Z;1997;8;NA;NA
14Z;1998;8;NA;NA
14Z;1999;8;NA;NA
14Z;2000;5;F12;1
14Z;2001;3;G16;1
15Z;1996;0;NA;NA
15Z;1997;8;NA;NA
15Z;1998;8;NA;NA
15Z;1999;8;NA;NA
15Z;2000;8;NA;NA
15Z;2001;8;NA;NA
15Z;2002;8;NA;NA
15Z;2003;8;NA;NA
15Z;2004;8;NA;NA
15Z;2005;8;NA;NA
6Z;1996;0;NA;NA
7Z;1996;0;NA;NA
7Z;1997;0;NA;NA
A14;1997;0;NA;NA
A14;1998;0;NA;NA
A14;1999;0;NA;NA
A2;1997;0;NA;NA
A20;1997;0;NA;NA
A20;1998;0;NA;NA
A20;1999;0;NA;NA
A20;2000;0;NA;NA
A20;2001;3;G12;2
A22;1997;0;NA;NA
A28;1997;0;NA;NA
A28;1998;0;NA;NA
A28;1999;5;E17;2
A28;2000;3;F7;2
A28;2001;5;G14;2
A28;2002;1;NA;0
A33;1997;0;NA;NA
A33;1998;0;NA;NA
A33;1999;5;E13;2
A33;2000;1;NA;NA
A33;2001;3;G6;2
A33;2002;5;H1;2
A33;2003;1;NA;0
A33;2004;5;J1;1
A35;1997;0;NA;NA
A35;1998;0;NA;NA
A35;1999;0;NA;NA
A35;2000;5;F9;1
A35;2001;1;NA;0
A35;2002;2;NA;0
A35;2003;2;NA;2
A35;2004;3;J7;2
A35;2005;2;K14;1
A35;2006;1;NA;0
A35;2007;5;M27;1
A35;2008;1;NA;0
A35;2009;1;NA;0
A35;2010;3;P2;1
A36;1997;0;NA;NA
A36;1998;0;NA;NA
A44;1997;0;NA;NA
A44;1998;0;NA;NA
A44;1999;2;NA;0
A44;2000;5;F1;2
A44;2001;2;NA;0
A44;2002;3;H4;1
A44;2003;2;I2;2
A44;2004;2;J2;2
A44;2005;5;K11;2
A44;2006;5;L2;2
A44;2007;5;M22;1
A44;2008;5;N7;1
A44;2009;5;O7;1
A44;2010;5;P7;1
A44;2011;1;NA;0
A44;2012;3;R15;2
A5;1997;0;NA;NA
A50;1997;0;NA;NA
A50;1998;0;NA;NA
A50;1999;2;E9;1
A50;2000;5;F8;1
A50;2001;2;G3;1
A50;2002;1;NA;0
A50;2003;3;I5;1
A50;2004;5;J8;2
A50;2005;1;NA;0
A50;2006;5;L9;1
A50;2007;3;M19;2
A50;2008;5;N3;2
A50;2009;2;NA;0
A53;1997;0;NA;NA
A53;1998;0;NA;NA
A53;1999;0;NA;NA
B32;1998;0;NA;NA
B32;1999;0;NA;NA
B32;2000;0;NA;NA
B32;2001;0;NA;NA
B32;2002;1;NA;0
B32;2003;0;NA;NA
C13;1998;0;NA;NA
C13;1999;0;NA;NA
C13;2000;0;NA;NA
C13;2001;3;G2;1
C13;2002;1;NA;0
C13;2003;5;I7;2
C5;1998;0;NA;NA
C5;1999;0;NA;NA
C5;2000;0;NA;NA
C14;1999;0;NA;NA
C14;2000;0;NA;NA
C14;2001;5;G15;2
C14;2002;1;NA;0
C14;2003;3;I8;2
C14;2004;3;J9;1
C14;2005;3;K12;1
C14;2006;5;L11;1
C14;2007;2;M18;2
C14;2008;2;NA;0
C8;1999;0;NA;NA
C8;2000;0;NA;NA
C8;2001;0;NA;NA
C8;2002;1;NA;0
C8;2003;0;NA;NA
C8;2004;3;J11;1
C8;2005;3;K15;2
D14;2000;0;NA;NA
D14;2001;0;NA;NA
D14;2002;1;NA;0
D14;2003;5;I4;1
D14;2004;3;J10;1
D14;2005;3;K9;2
D14;2006;3;L7;1
D14;2007;3;M16;1
D14;2008;5;N4;2
D14;2009;3;O8;1
D6;2000;0;NA;NA
D6;2001;0;NA;NA
D8;2000;0;NA;NA
D8;2001;0;NA;NA
D8;2002;0;NA;NA
D8;2003;0;NA;NA
D8;2004;0;NA;NA
D8;2005;2;K16;1
D8;2006;5;L10;2
E12;2001;0;NA;NA
E12;2002;0;NA;NA
E12;2003;5;I6;2
E12;2004;5;J6;1
E12;2005;3;K8;1
E12;2006;1;NA;0
E12;2007;5;M23;1
E12;2008;2;N1;1
E12;2009;5;O12;2
E12;2010;5;P9;1
E12;2011;3;Q1;1
E12;2012;3;R2;1
E13;2001;0;NA;NA
E13;2002;2;NA;0
E13;2003;3;I9;1
E13;2004;5;J5;2
E13;2005;3;K7;2
E13;2006;3;L5;1
E13;2007;5;M24;2
E13;2008;1;NA;0
E17;2001;0;NA;NA
E17;2002;3;H5;1
E17;2003;1;NA;0
E17;2004;1;NA;0
E17;2005;1;NA;0
F1;2002;0;NA;NA
F1;2003;0;NA;NA
F1;2004;2;NA;2
F1;2005;1;NA;0
F1;2006;5;L1;1
F1;2007;3;M13;1
F1;2008;5;N2;1
F1;2009;5;O11;2
F1;2010;5;P18;1
F1;2011;5;Q4;1
F1;2012;3;R7;1
F10;2002;0;NA;NA
F10;2003;0;NA;NA
F13;2002;0;NA;NA
F13;2003;0;NA;NA
F13;2004;3;J4;2
G14;2003;0;NA;NA
G14;2004;2;NA;0
G14;2005;3;K10;2
G14;2006;5;L6;2
G14;2007;5;M14;1
G14;2008;5;N6;2
G14;2009;5;O3;2
G14;2010;5;P4;1
G14;2011;3;Q2;2
G14;2012;3;R5;1
G14;2013;3;S3;1
G14;2014;0;NA;NA
G14;2015;5;U21;2
G15;2003;0;NA;NA
G15;2004;0;NA;NA
G15;2005;1;NA;0
G15;2006;5;L3;2
G15;2007;5;M21;2
G15;2008;5;N8;2
H1;2004;0;NA;NA
H1;2005;5;K13;1
H1;2006;5;L4;1
H1;2007;5;M15;2
H1;2008;5;N10;1
H1;2009;3;O10;1
H1;2010;5;P3;2
H1;2011;1;NA;0
H1;2012;5;R13;2
K4;2005;4;NA;1
I6;2005;0;NA;NA
I6;2006;1;NA;0
I6;2007;3;M20;1
I6;2008;5;N5;1
I6;2009;3;O5;2
I6;2010;5;P19;1
I6;2011;3;Q6;1
I6;2012;5;R3;1
I6;2013;5;S7;1
I6;2014;1;NA;0
I7;2005;0;NA;NA
I7;2006;0;NA;NA
I7;2007;5;M25;2
I7;2008;5;N9;1
I7;2009;3;O1;2
K1;2005;0;NA;NA
K1;2006;0;NA;NA
K1;2007;5;M26;2
K1;2008;5;N11;1
K1;2009;2;NA;0
K1;2010;5;P13;2
K1;2011;5;Q10;1
K1;2012;1;NA;0
K1;2013;9;NA;NA
J5;2006;0;NA;NA
J5;2007;9;M17;2
J5;2008;3;N12;2
J5;2009;1;NA;0
J5;2010;2;P8;2
J5;2011;3;Q14;1
J5;2012;2;R8;1
J5;2013;2;NA;0
J5;2014;3;T5;1
J5;2015;5;U12;2
J5;2016;5;V16;2
J8;2006;0;NA;NA
J8;2007;5;M28;2
J8;2008;3;N13;2
J8;2009;5;O2;1
J8;2010;3;P14;1
J8;2011;3;Q9;1
J8;2012;5;R1;2
L10;2008;0;NA;NA
L2;2008;0;NA;NA
L2;2009;5;O4;2
L2;2010;1;NA;0
L2;2011;5;Q5;1
L2;2012;5;R12;2
L2;2013;2;S6;2
L2;2014;5;T6;2
L2;2015;3;U24;2
L2;2016;1;NA;NA
L2;2017;5;W6;2
L2;2018;2;NA;NA
L3;2008;0;NA;NA
L3;2009;5;O6;2
L3;2010;5;P10;2
L3;2011;5;Q7;1
L3;2012;3;R9;2
L6;2008;0;NA;NA
L6;2009;3;O9;1
L6;2010;3;P12;1
M4;2008;0;NA;NA
M4;2009;0;NA;NA
M4;2010;5;P16;1
M4;2011;1;NA;0
M4;2012;5;R6;2
M4;2013;5;S5;2
M4;2014;1;NA;0
M4;2015;5;U14;2
M4;2016;5;V4;1
M4;2017;5;W22;1
M4;2018;3;X7;2
M4;2019;1;NA;NA
M4;2020;1;NA;NA
M4;2021;1;NA;NA
M4;2022;0;NA;NA
M4;2023;0;NA;NA
M7;2008;0;NA;NA
M7;2009;0;NA;NA
M7;2010;5;P17;1
M7;2011;5;Q12;2
M7;2012;1;NA;0
M7;2013;2;S4;2
M7;2014;1;NA;0
M7;2015;5;U13;2
M7;2016;3;V13;1
M7;2017;5;W7;2
M7;2018;1;NA;NA
M15;2009;0;NA;NA
M15;2010;5;P1;2
M15;2011;1;NA;0
M15;2012;1;NA;0
M15;2013;2;S1;2
M15;2014;5;T2;2
M15;2015;3;U20;1
M15;2016;5;V6;2
M15;2017;5;W2;1
M15;2018;3;X6;1
M21;2009;0;NA;NA
M24;2009;0;NA;NA
M24;2010;5;P11;2
M25;2009;0;NA;NA
M25;2010;5;P6;1
M26;2009;0;NA;NA
M26;2010;5;P15;2
M26;2011;5;Q13;2
M26;2012;5;R4;2
M28;2009;0;NA;NA
M28;2010;2;P5;1
M28;2011;5;Q3;2
M28;2012;3;R11;2
M28;2013;1;NA;0
M28;2014;5;T4;1
M28;2015;5;U17;1
M28;2016;5;V9;2
M28;2017;5;W11;1
M28;2018;2;X10;2
M28;2019;2;Y1;2
N3;2010;0;NA;NA
N3;2011;5;Q8;2
N4;2010;0;NA;NA
N4;2011;5;Q11;1
N4;2012;2;NA;0
N4;2013;3;S2;2
N4;2014;1;NA;0
N4;2015;1;NA;0
N6;2010;0;NA;NA
N6;2011;0;NA;NA
N6;2012;2;NA;0
O11;2011;0;NA;NA
O11;2012;3;R10;1
O11;2013;1;NA;0
O11;2014;1;NA;0
O11;2015;3;U22;1
O11;2016;5;V5;1
O11;2017;5;X2;2
O11;2018;3;X20;1
O11;2019;0;NA;NA
O12;2011;0;NA;NA
O12;2012;0;NA;NA
O12;2013;5;S9;2
O12;2014;1;NA;0
O12;2015;5;U25;2
O12;2016;5;V11;2
O12;2017;1;NA;0
O12;2018;3;NA;0
O12;2019;2;NA;NA
O12;2020;0;NA;NA
O12;2021;5;NA;1
O12;2022;1;NA;NA
O12;2023;1;NA;NA
O3;2011;0;NA;NA
O3;2012;3;R14;2
O4;2011;0;NA;NA
O6;2011;0;NA;NA
O6;2012;5;R16;1
O6;2013;5;S10;2
O6;2014;1;NA;0
O6;2015;2;NA;0
O6;2016;5;V7;2
O6;2017;5;W16;2
O6;2018;1;NA;NA
O6;2019;1;NA;NA
O6;2020;1;NA;NA
O6;2021;2;NA;0
O6;2022;2;NA;0
P1;2012;0;NA;NA
P1;2013;5;S8;2
P1;2014;0;NA;NA
P1;2015;1;NA;0
P1;2016;1;NA;NA
P1;2017;5;W4;1
P1;2018;3;X8;1
P10;2012;0;NA;NA
P11;2012;0;NA;NA
P11;2013;0;NA;NA
P11;2014;0;NA;NA
P11;2015;2;NA;0
P11;2016;5;V2;1
P13;2012;0;NA;NA
P13;2013;2;S11;1
P13;2014;0;NA;NA
P13;2015;2;NA;0
P15;2012;0;NA;NA
P15;2013;0;NA;NA
P15;2014;0;NA;NA
P15;2015;5;U18;1
P15;2016;5;V1;1
P15;2017;5;W12;2
P15;2018;5;X3;2
P15;2019;3;Y3;1
P3;2012;0;NA;NA
P3;2013;0;NA;NA
P3;2014;0;NA;NA
P3;2015;5;U15;2
P3;2016;3;V8;1
P3;2017;5;W15;1
P3;2018;2;X5;2
P3;2019;3;Y2;1
Q12;2013;0;NA;NA
Q12;2014;0;NA;NA
Q12;2015;5;U19;2
Q12;2016;5;V12;1
Q12;2017;5;W14;1
Q12;2018;5;X12;2
Q13;2013;0;NA;NA
Q13;2014;0;NA;NA
Q13;2015;0;NA;NA
Q13;2016;5;V10;1
Q13;2017;5;W5;2
Q13;2018;0;NA;NA
Q13;2019;1;NA;NA
Q3;2013;0;NA;NA
Q3;2014;0;NA;NA
Q3;2015;0;NA;NA
Q3;2016;1;NA;NA
Q3;2017;5;W1;2
Q3;2018;3;X15;1
Q3;2019;0;NA;NA
Q8;2013;0;NA;NA
Q8;2014;0;NA;NA
R12;2014;0;NA;NA
R12;2015;0;NA;NA
R12;2016;5;V14;1
R12;2017;5;W19;1
R4;2014;0;NA;NA
R6;2014;0;NA;NA
R6;2015;3;U16;2
R6;2016;5;V15;2
R6;2017;0;NA;NA
R6;2018;5;X11;1
R6;2019;1;NA;NA
R6;2020;3;ZZ1;1
R6;2021;9;AA4;1
R6;2022;5;BB2;1
R6;2023;4;CC5;1
U11;2016;0;NA;NA
U11;2017;5;X1;1
U11;2018;0;NA;NA
U11;2019;3;Y5;2
U11;2020;0;NA;NA
U11;2021;2;NA;0
U11;2022;5;BB13;1
U11;2023;4;umk;0
U2;2015;0;U23;1
U2;2016;0;NA;NA
U2;2017;3;W9;2
U7;2015;3;NA;NA
U7;2016;0;NA;NA
U7;2017;2;W8;2
U7;2018;3;X4;2
U7;2019;0;NA;NA
U7;2020;0;NA;NA
U7;2021;5;AA13;1
U7;2022;5;BB8;1
U7;2023;4;CC11;1
S10;2015;0;NA;NA
S10;2016;2;V3;1
S10;2017;3;W3;1
S10;2018;5;X9;1
S10;2019;0;NA;NA
S5;2015;0;NA;NA
S5;2016;3;NA;NA
S5;2017;0;NA;NA
S5;2018;3;X13;2
S5;2019;0;NA;NA
S5;2020;0;NA;NA
S5;2021;1;NA;0
S5;2022;1;NA;NA
S5;2023;0;NA;NA
S8;2015;0;NA;NA
S8;2016;0;NA;NA
S8;2017;5;W13;2
S8;2018;3;X18;2
S8;2019;1;NA;NA
S8;2020;1;NA;NA
S8;2021;5;AA5;1
S8;2022;5;BB15;1
S8;2023;1;NA;NA
S9;2015;0;NA;NA
S9;2016;3;V17;1
S9;2017;5;W17;2
S9;2018;5;X14;1
U5;2015;0;NA;NA
U5;2016;0;NA;NA
U5;2017;0;NA;NA
U5;2018;0;NA;NA
U5;2019;0;NA;NA
U5;2020;0;NA;NA
U5;2021;0;NA;NA
U5;2022;0;NA;NA
U5;2023;0;NA;NA
U8;2015;0;NA;NA
U8;2016;0;NA;NA
U8;2017;5;W20;2
U8;2018;5;X21;2
U8;2019;1;NA;0
T2;2016;0;NA;NA
T2;2017;5;W10;2
T6;2016;0;NA;NA
T6;2017;5;W18;2
U4;2016;0;NA;NA
U4;2017;3;W21;2
U4;2018;3;X22;1
U4;2019;3;Y6;1
U4;2020;1;NA;0
U4;2021;5;AA12;1
U6;2016;0;NA;NA
U6;2017;3;W23;2
U9;2016;0;NA;NA
U9;2017;0;NA;NA
U13;2017;0;NA;NA
U13;2018;3;X19;2
U13;2019;3;Y4;1
U13;2020;0;NA;NA
U13;2021;5;AA11;2
U13;2022;1;NA;NA
U13;2023;4;CC6;2
U14;2017;0;NA;NA
U14;2018;3;X16;2
U14;2019;0;NA;NA
U14;2020;5;ZZ2;1
U14;2021;2;NA;0
U14;2022;5;BB3;2
U14;2023;4;CC9;2
U15;2017;0;NA;NA
U15;2018;3;X23;1
U15;2019;0;NA;NA
U15;2020;0;NA;NA
U15;2021;5;AA14;2
U15;2022;3;BB10;1
U15;2023;1;NA;NA
U19;2017;0;NA;NA
U19;2018;3;X4;2
U19;2019;0;NA;NA
U19;2020;0;NA;NA
U19;2021;2;AA6;1
U19;2022;5;BB11;2
U19;2023;4;CC10;1
U21;2017;0;NA;NA
U21;2018;3;X17;1
U25;2017;0;NA;NA
U25;2018;0;NA;NA
U25;2019;0;NA;NA
U25;2020;0;NA;NA
U25;2021;5;NA;1
V11;2018;0;NA;NA
V11;2019;0;NA;NA
V6;2018;0;NA;NA
V6;2019;0;NA;NA
V7;2018;0;NA;NA
V7;2019;0;NA;NA
V9;2018;0;NA;NA
V9;2019;0;NA;NA
V9;2020;0;NA;NA
V9;2021;5;AA2;2
V9;2022;5;BB12;1
V9;2023;4;CC8;1
W1;2019;0;NA;NA
W6;2019;0;NA;NA
W6;2020;0;NA;NA
W6;2021;3;AA7;1
W7;2019;0;NA;NA
W7;2020;0;NA;NA
W7;2021;5;AA8;2
W7;2022;5;BB4;1
W7;2023;4;CC4;2
W12;2019;0;NA;NA
W12;2020;0;NA;NA
W12;2021;5;AA10;2
W13;2019;0;NA;NA
W13;2020;0;NA;NA
W13;2021;5;AA1;2
W13;2022;5;BB7;2
W13;2023;4;CC1;2
W16;2019;0;NA;NA
W16;2020;0;NA;NA
W16;2021;5;AA3;1
W16;2022;1;NA;NA
W16;2023;4;CC3;1
W17;2019;0;NA;NA
W17;2020;0;NA;NA
W17;2021;2;NA;0
W17;2022;5;BB1;1
W17;2023;4;CC2;1
W18;2019;0;NA;NA
X2;2019;0;NA;NA
X2;2020;0;NA;NA
X2;2021;5;AA9;2
X2;2022;5;BB14;2
X12;2020;0;NA;NA
X12;2021;0;NA;NA
X12;2022;5;BB9;2
X12;2023;4;CC7;1
AA1;2023;0;NA;NA
AA2;2023;0;NA;NA
AA8;2023;0;NA;NA
AA9;2023;0;NA;NA
AA10;2023;0;NA;NA
AA11;2023;0;NA;NA
AA14;2023;0;NA;NA
U12;2017;0;NA;NA
21I;1997;0;NA;NA
